,OverallQual,GrLivArea,GarageCars,GarageArea,lstFlrSF,SalePrice
0,7,1710,2.0,548.0,856,208500.0
1,6,1262,2.0,460.0,1262,181500.0
2,7,1786,2.0,608.0,920,223500.0
3,7,1717,3.0,642.0,961,140000.0
4,8,2198,3.0,836.0,1145,250000.0
5,5,1362,2.0,480.0,796,143000.0
6,8,1694,2.0,636.0,1694,307000.0
7,7,2090,2.0,484.0,1107,200000.0
8,7,1774,2.0,468.0,1022,129900.0
9,5,1077,1.0,205.0,1077,118000.0
10,5,1040,1.0,384.0,1040,129500.0
11,9,2324,3.0,736.0,1182,345000.0
12,5,912,1.0,352.0,912,144000.0
13,7,1494,3.0,840.0,1494,279500.0
14,6,1253,1.0,352.0,1253,157000.0
15,7,854,2.0,576.0,854,132000.0
16,6,1004,2.0,480.0,1004,149000.0
17,5,1114,2.0,576.0,1114,159000.0
18,5,1339,1.0,294.0,1339,139000.0
19,8,2376,3.0,853.0,1158,325300.0
20,7,1108,1.0,280.0,1108,139400.0
21,8,1795,2.0,534.0,1795,230000.0
22,5,1060,2.0,572.0,1060,129900.0
23,5,1060,1.0,270.0,1060,154000.0
24,8,1600,3.0,890.0,1600,256300.0
25,5,900,2.0,576.0,900,134800.0
26,8,1704,3.0,772.0,1704,306000.0
27,5,1600,1.0,319.0,1600,207500.0
28,4,520,1.0,240.0,520,68500.0
29,4,1317,1.0,250.0,649,40000.0
30,5,1228,1.0,271.0,1228,149350.0
31,8,1234,2.0,484.0,1234,179900.0
32,5,1700,2.0,447.0,1700,165500.0
33,9,1561,2.0,556.0,1561,277500.0
34,8,2452,3.0,691.0,1132,309000.0
35,5,1097,2.0,672.0,1097,145000.0
36,5,1297,2.0,498.0,1297,153000.0
37,5,1057,1.0,246.0,1057,109000.0
38,6,1324,2.0,440.0,1324,160000.0
39,5,1328,1.0,308.0,1328,170000.0
40,5,884,2.0,504.0,884,144000.0
41,5,938,1.0,308.0,938,130250.0
42,5,1150,1.0,300.0,1150,141000.0
43,9,1752,2.0,576.0,1752,319900.0
44,7,2149,2.0,670.0,1518,239686.0
45,8,1656,3.0,826.0,1656,249700.0
46,4,1452,0.0,0.0,736,113000.0
47,5,955,1.0,386.0,955,127000.0
48,6,1470,2.0,388.0,794,177000.0
49,6,1176,2.0,528.0,816,114500.0
50,5,816,2.0,516.0,816,110000.0
51,9,1842,3.0,894.0,1842,385000.0
52,5,1360,2.0,572.0,1360,130000.0
53,6,1425,2.0,576.0,1425,180500.0
54,8,1739,2.0,480.0,983,172500.0
55,7,1720,2.0,565.0,860,196500.0
56,10,2945,3.0,641.0,1426,438780.0
57,5,780,1.0,352.0,780,124900.0
58,6,1158,2.0,576.0,1158,158000.0
59,5,1111,1.0,288.0,581,101000.0
60,8,1370,2.0,484.0,1370,202500.0
61,7,1710,2.0,480.0,902,140000.0
62,7,2034,2.0,645.0,1057,219500.0
63,8,2473,3.0,852.0,1143,317000.0
64,7,2207,2.0,576.0,2207,180000.0
65,7,1479,2.0,558.0,1479,226000.0
66,4,747,1.0,220.0,747,80000.0
67,7,2287,2.0,667.0,1304,225000.0
68,7,2223,2.0,516.0,2223,244000.0
69,4,845,2.0,360.0,845,129500.0
70,7,1718,2.0,427.0,885,185000.0
71,5,1086,2.0,490.0,1086,144900.0
72,3,1605,1.0,379.0,840,107400.0
73,4,988,1.0,297.0,526,91000.0
74,4,952,1.0,283.0,952,135750.0
75,5,1285,1.0,240.0,1072,127000.0
76,4,1768,0.0,0.0,1768,136500.0
77,5,1230,2.0,440.0,682,110000.0
78,6,2142,1.0,509.0,1182,193500.0
79,6,1337,2.0,405.0,1337,153500.0
80,8,1563,3.0,758.0,1563,245000.0
81,5,1065,2.0,461.0,1065,126500.0
82,7,1474,2.0,400.0,804,168500.0
83,8,2417,2.0,462.0,1301,260000.0
84,6,1560,2.0,400.0,684,174000.0
85,6,1224,2.0,528.0,612,164500.0
86,3,1526,0.0,0.0,1013,85000.0
87,4,990,0.0,0.0,990,123600.0
88,5,1235,2.0,480.0,1235,98600.0
89,5,964,2.0,432.0,964,163500.0
90,6,2291,2.0,506.0,1260,133900.0
91,6,1786,2.0,684.0,905,204750.0
92,6,1470,2.0,420.0,680,185000.0
93,7,1588,2.0,472.0,1588,214000.0
94,4,960,1.0,432.0,960,94750.0
95,5,835,1.0,366.0,835,83000.0
96,4,1225,0.0,0.0,1225,128950.0
97,6,1610,2.0,480.0,1610,205000.0
98,6,1732,2.0,476.0,977,178000.0
99,7,1226,3.0,740.0,1226,198900.0
100,7,1818,1.0,240.0,1226,169500.0
101,8,1992,2.0,648.0,1053,250000.0
102,4,1047,1.0,273.0,1047,100000.0
103,5,789,1.0,250.0,789,115000.0
104,5,1517,0.0,0.0,997,115000.0
105,6,1844,2.0,546.0,1844,190000.0
106,6,1855,1.0,325.0,1216,136900.0
107,7,1430,2.0,400.0,774,180000.0
108,7,2696,3.0,792.0,1282,383970.0
109,6,2259,2.0,450.0,2259,217000.0
110,6,2320,1.0,180.0,1436,259500.0
111,6,1458,2.0,440.0,729,176000.0
112,5,1092,1.0,288.0,1092,139000.0
113,5,1125,2.0,430.0,1125,155000.0
114,7,3222,3.0,594.0,1699,320000.0
115,6,1456,2.0,390.0,728,163990.0
116,6,988,2.0,540.0,988,180000.0
117,4,1123,1.0,264.0,772,100000.0
118,6,1080,1.0,288.0,1080,136000.0
119,6,1199,2.0,530.0,1199,153900.0
120,6,1586,2.0,435.0,1586,181000.0
121,6,754,0.0,0.0,520,84500.0
122,6,958,2.0,440.0,958,128000.0
123,5,840,0.0,0.0,840,87000.0
124,6,1348,2.0,453.0,660,155000.0
125,5,1053,2.0,750.0,1053,150000.0
126,7,2157,2.0,487.0,1216,226000.0
127,6,2054,2.0,390.0,1022,244000.0
128,5,1327,2.0,624.0,1327,150750.0
129,8,1296,2.0,471.0,1296,220000.0
130,5,1721,2.0,440.0,1721,180000.0
131,7,1682,2.0,530.0,1682,174000.0
132,5,1214,1.0,318.0,1214,143000.0
133,7,1959,3.0,766.0,1959,171000.0
134,8,1852,3.0,660.0,1004,230000.0
135,6,1764,2.0,470.0,928,231500.0
136,4,864,0.0,0.0,864,115000.0
137,7,1734,2.0,660.0,1734,260000.0
138,5,1385,2.0,720.0,910,166000.0
139,7,1501,2.0,577.0,1501,204000.0
140,5,1728,2.0,504.0,1728,125000.0
141,6,1709,2.0,380.0,970,130000.0
142,5,875,1.0,180.0,875,105000.0
143,7,2035,2.0,434.0,884,222500.0
144,7,1080,0.0,0.0,1080,141000.0
145,5,1344,1.0,240.0,896,115000.0
146,5,969,2.0,440.0,969,122000.0
147,8,1710,3.0,866.0,1710,372402.0
148,6,1993,2.0,495.0,1097,190000.0
149,6,1252,2.0,564.0,1252,235000.0
150,6,1200,1.0,312.0,1200,125000.0
151,6,1096,0.0,0.0,572,79000.0
152,8,1968,3.0,680.0,774,269500.0
153,7,1947,2.0,678.0,991,254900.0
154,7,2462,2.0,576.0,1392,320000.0
155,6,1232,2.0,516.0,1232,162500.0
156,9,2668,3.0,726.0,1572,412500.0
157,7,1541,2.0,532.0,1541,220000.0
158,4,882,0.0,0.0,882,103200.0
159,6,1616,1.0,216.0,1149,152000.0
160,5,1355,0.0,0.0,808,127500.0
161,5,1867,1.0,303.0,1867,190000.0
162,8,2161,3.0,789.0,1610,325624.0
163,7,1720,2.0,440.0,840,183500.0
164,8,1707,2.0,511.0,1707,228000.0
165,5,1382,2.0,660.0,854,128500.0
166,6,1656,2.0,528.0,1656,215000.0
167,7,1767,2.0,504.0,1064,239000.0
168,6,1362,2.0,504.0,1362,163000.0
169,6,1651,2.0,616.0,1651,184000.0
170,6,2158,2.0,576.0,2158,243000.0
171,6,2060,2.0,521.0,1164,211000.0
172,5,1920,2.0,451.0,1252,172500.0
173,9,2234,3.0,1166.0,2234,501837.0
174,5,968,2.0,480.0,968,100000.0
175,6,1525,2.0,440.0,769,177000.0
176,7,1802,1.0,216.0,901,200100.0
177,7,2082,2.0,484.0,1362,200000.0
178,5,1252,2.0,576.0,936,127000.0
179,10,3608,3.0,840.0,1518,475000.0
180,7,1217,2.0,497.0,1217,173000.0
181,5,1656,1.0,180.0,808,135000.0
182,5,1224,2.0,528.0,1224,153337.0
183,8,1593,2.0,682.0,1593,286000.0
184,8,2727,2.0,440.0,1549,315000.0
185,7,1479,2.0,484.0,725,184000.0
186,7,1431,2.0,666.0,1431,192000.0
187,7,1709,2.0,380.0,970,130000.0
188,5,864,1.0,352.0,864,127000.0
189,6,1456,2.0,440.0,855,148500.0
190,7,1726,3.0,786.0,1726,311872.0
191,8,3112,2.0,795.0,1360,235000.0
192,6,2229,0.0,0.0,929,104000.0
193,8,1713,3.0,856.0,1713,274900.0
194,4,1121,2.0,440.0,1121,140000.0
195,6,1279,2.0,473.0,1279,171500.0
196,6,1310,1.0,398.0,865,112000.0
197,6,848,2.0,420.0,848,149000.0
198,5,1284,1.0,240.0,720,110000.0
199,7,1442,2.0,500.0,1442,180500.0
200,5,1696,1.0,349.0,1696,143900.0
201,4,1100,1.0,312.0,1100,141000.0
202,7,2062,2.0,454.0,1180,277000.0
203,6,1092,2.0,504.0,1092,145000.0
204,5,864,0.0,0.0,864,98000.0
205,6,1212,2.0,460.0,1212,186000.0
206,7,1852,2.0,644.0,932,252678.0
207,5,990,2.0,576.0,990,156000.0
208,6,1392,1.0,299.0,689,161750.0
209,5,1236,1.0,447.0,1236,134450.0
210,7,1436,2.0,484.0,1436,210000.0
211,4,1328,1.0,210.0,810,107000.0
212,7,1954,2.0,431.0,1137,311500.0
213,7,1248,2.0,438.0,1248,167240.0
214,7,1498,2.0,675.0,1498,204900.0
215,6,2267,2.0,390.0,1010,200000.0
216,6,1552,2.0,434.0,811,179900.0
217,4,864,2.0,576.0,864,97000.0
218,10,2392,3.0,968.0,2392,386250.0
219,5,1302,1.0,280.0,630,112000.0
220,7,2520,3.0,721.0,1214,290000.0
221,6,987,1.0,280.0,483,106000.0
222,5,912,1.0,336.0,912,125000.0
223,7,1555,2.0,430.0,1555,192500.0
224,6,1194,1.0,312.0,1194,148000.0
225,8,2794,3.0,810.0,1490,403000.0
226,6,987,1.0,288.0,483,94500.0
227,5,894,1.0,308.0,894,128200.0
228,6,1960,2.0,440.0,860,216500.0
229,6,987,1.0,264.0,483,89500.0
230,7,1414,2.0,494.0,1414,185500.0
231,7,1744,2.0,457.0,1014,194500.0
232,8,1694,3.0,818.0,1694,318000.0
233,6,1487,1.0,220.0,798,113000.0
234,8,1566,2.0,750.0,1566,262500.0
235,5,866,0.0,0.0,866,110500.0
236,5,1440,1.0,352.0,889,79000.0
237,6,1217,1.0,288.0,626,120000.0
238,7,2110,2.0,463.0,1222,205000.0
239,7,1872,2.0,604.0,1872,241500.0
240,6,1928,1.0,440.0,908,137000.0
241,6,1375,2.0,451.0,1375,140000.0
242,7,1668,2.0,500.0,840,180000.0
243,6,2144,2.0,389.0,1444,277000.0
244,3,1306,0.0,0.0,1306,76500.0
245,8,1625,2.0,538.0,1625,235000.0
246,6,1640,2.0,520.0,798,173000.0
247,6,1302,1.0,309.0,1302,158000.0
248,5,1314,1.0,294.0,1314,145000.0
249,7,2291,2.0,429.0,1005,230000.0
250,6,1728,2.0,673.0,864,207500.0
251,7,1604,2.0,660.0,1604,220000.0
252,7,1792,2.0,564.0,963,231500.0
253,6,1382,2.0,884.0,1382,176000.0
254,8,2574,3.0,868.0,1482,276000.0
255,6,1212,2.0,492.0,1212,151000.0
256,5,1316,2.0,484.0,926,130000.0
257,5,764,2.0,504.0,764,73000.0
258,6,1422,2.0,576.0,1422,175500.0
259,6,1511,2.0,413.0,802,185000.0
260,5,2192,1.0,240.0,1052,179500.0
261,5,778,1.0,924.0,778,120500.0
262,6,1113,1.0,504.0,1113,148000.0
263,8,1939,3.0,1053.0,1095,266000.0
264,7,1363,2.0,439.0,1363,241500.0
265,8,2270,3.0,671.0,1164,290000.0
266,6,1632,1.0,338.0,1632,139000.0
267,5,816,1.0,264.0,816,124500.0
268,7,1548,2.0,672.0,952,205000.0
269,7,1560,2.0,573.0,1560,201000.0
270,4,864,2.0,400.0,864,141000.0
271,9,2121,3.0,732.0,2121,415298.0
272,7,2022,2.0,505.0,1156,192000.0
273,7,1982,2.0,575.0,1175,228500.0
274,6,1262,2.0,572.0,1262,185000.0
275,7,1314,2.0,626.0,1314,207500.0
276,8,1468,3.0,898.0,1468,244600.0
277,6,1575,2.0,529.0,1575,179200.0
278,7,1250,2.0,528.0,625,164700.0
279,6,1734,2.0,440.0,1085,159000.0
280,4,858,0.0,0.0,858,88000.0
281,5,900,1.0,280.0,900,122000.0
282,6,1396,1.0,384.0,698,153575.0
283,8,1919,2.0,685.0,1079,233230.0
284,5,1716,0.0,0.0,936,135900.0
285,5,1716,1.0,281.0,1148,131000.0
286,7,2263,2.0,539.0,1468,235000.0
287,6,1644,2.0,418.0,1644,167000.0
288,6,1003,2.0,588.0,1003,142500.0
289,5,1558,1.0,282.0,910,152000.0
290,7,1950,2.0,576.0,975,239000.0
291,6,1743,2.0,539.0,1041,175000.0
292,6,1152,1.0,300.0,1152,158500.0
293,5,1336,1.0,375.0,1336,157000.0
294,8,2452,2.0,683.0,1210,267000.0
295,7,1541,3.0,843.0,1541,205000.0
296,5,894,2.0,552.0,894,149900.0
297,7,3493,3.0,870.0,1675,295000.0
298,8,2000,3.0,888.0,2000,305900.0
299,7,2243,3.0,746.0,1122,225000.0
300,6,1406,0.0,0.0,1035,89500.0
301,4,861,2.0,539.0,861,82500.0
302,9,1944,3.0,708.0,1944,360000.0
303,6,1501,2.0,420.0,697,165600.0
304,6,972,1.0,240.0,972,132000.0
305,5,1118,2.0,410.0,793,119900.0
306,7,2036,2.0,513.0,2036,375000.0
307,7,1641,2.0,546.0,832,178000.0
308,7,1432,2.0,432.0,716,188500.0
309,7,2353,2.0,484.0,1153,260000.0
310,8,1959,3.0,1025.0,1088,270000.0
311,7,2646,3.0,656.0,1372,260000.0
312,7,1472,2.0,588.0,1472,187500.0
313,9,2596,3.0,840.0,1249,342643.0
314,8,2468,3.0,872.0,1136,354000.0
315,7,2730,2.0,576.0,1553,301000.0
316,3,1163,1.0,220.0,1163,126175.0
317,7,2978,2.0,564.0,1898,242000.0
318,5,803,2.0,360.0,803,87000.0
319,8,1719,2.0,473.0,1719,324000.0
320,6,1383,1.0,292.0,1383,145250.0
321,6,2134,2.0,441.0,1445,214500.0
322,5,1192,1.0,189.0,596,78000.0
323,5,1728,1.0,352.0,1728,119000.0
324,5,1056,1.0,308.0,1056,139000.0
325,8,1629,3.0,880.0,1629,284000.0
326,7,1358,2.0,484.0,1358,207000.0
327,6,1638,2.0,472.0,943,192000.0
328,5,1786,2.0,529.0,1619,228950.0
329,9,1922,3.0,676.0,1922,377426.0
330,7,1536,2.0,532.0,1536,214000.0
331,7,1621,2.0,440.0,1621,202500.0
332,6,1215,1.0,297.0,1215,155000.0
333,8,1908,2.0,431.0,993,202900.0
334,4,841,1.0,294.0,841,82000.0
335,9,1684,2.0,564.0,1684,266000.0
336,5,1112,1.0,336.0,536,85000.0
337,6,1577,1.0,312.0,972,140200.0
338,6,958,1.0,301.0,958,151500.0
339,6,1478,2.0,498.0,1478,157500.0
340,7,1626,2.0,474.0,764,154000.0
341,9,2728,3.0,706.0,1848,437154.0
342,9,1869,2.0,617.0,1869,318061.0
343,7,1453,2.0,445.0,1453,190000.0
344,5,1111,1.0,200.0,616,95000.0
345,6,720,2.0,484.0,720,105900.0
346,6,1595,1.0,240.0,1192,140000.0
347,6,1200,2.0,521.0,1200,177500.0
348,6,1167,2.0,400.0,1167,173000.0
349,5,1142,2.0,528.0,1142,134000.0
350,5,1352,1.0,288.0,1352,130000.0
351,8,1924,2.0,592.0,1086,280000.0
352,6,912,2.0,470.0,912,156000.0
353,5,1505,1.0,240.0,988,145000.0
354,6,987,1.0,264.0,483,118000.0
355,6,1574,2.0,566.0,790,190000.0
356,5,1344,1.0,468.0,672,147000.0
357,6,1394,2.0,514.0,1394,159000.0
358,6,1431,1.0,296.0,1431,165000.0
359,5,1268,1.0,244.0,1268,132000.0
360,5,1287,2.0,576.0,1287,162000.0
361,6,1664,2.0,460.0,953,172400.0
362,6,752,1.0,264.0,752,125000.0
363,5,1319,1.0,270.0,1319,123000.0
364,7,1928,2.0,434.0,847,219500.0
365,1,904,0.0,0.0,904,61000.0
366,5,914,2.0,576.0,914,148000.0
367,8,2466,2.0,610.0,1580,340000.0
368,9,1856,3.0,834.0,1856,394432.0
369,6,1800,2.0,463.0,1007,179000.0
370,5,1691,1.0,308.0,1026,127000.0
371,7,1301,2.0,572.0,1301,187750.0
372,7,1797,2.0,639.0,939,213500.0
373,6,784,2.0,360.0,784,76000.0
374,6,1953,2.0,501.0,1079,240000.0
375,8,1269,2.0,430.0,1269,192000.0
376,5,1184,0.0,0.0,658,81000.0
377,6,1125,1.0,352.0,1125,125000.0
378,7,1479,2.0,577.0,1479,191000.0
379,10,2332,3.0,846.0,1742,426000.0
380,5,1367,1.0,384.0,961,119000.0
381,6,1961,2.0,560.0,804,215000.0
382,4,788,0.0,0.0,788,100000.0
383,5,1034,1.0,240.0,735,109000.0
384,5,1144,1.0,596.0,1144,129000.0
385,5,894,2.0,600.0,894,123000.0
386,5,1812,1.0,264.0,876,169500.0
387,5,1077,1.0,338.0,1077,67000.0
388,7,1550,2.0,438.0,1112,241000.0
389,8,1288,2.0,500.0,1288,245500.0
390,7,1310,2.0,400.0,1310,164990.0
391,5,672,1.0,240.0,672,108000.0
392,8,2263,2.0,420.0,1165,258000.0
393,6,1572,2.0,373.0,806,168000.0
394,4,1620,2.0,490.0,1620,150000.0
395,6,1639,1.0,240.0,1166,115000.0
396,6,1680,1.0,308.0,840,177000.0
397,7,2172,3.0,947.0,1071,280000.0
398,8,2078,3.0,836.0,1050,339750.0
399,5,1276,1.0,350.0,1276,60000.0
400,5,1056,2.0,572.0,1056,145000.0
401,7,1478,2.0,484.0,1478,222000.0
402,5,1028,2.0,360.0,1028,115000.0
403,7,2097,3.0,678.0,1080,228000.0
404,7,1340,2.0,396.0,1340,181134.0
405,6,1400,2.0,440.0,672,149500.0
406,6,2624,3.0,864.0,1370,239000.0
407,5,1134,1.0,240.0,756,126000.0
408,5,1056,1.0,304.0,1056,142000.0
409,7,1344,4.0,784.0,1344,206300.0
410,6,1602,2.0,529.0,1602,215000.0
411,5,988,2.0,520.0,988,113000.0
412,8,2630,3.0,696.0,1470,315000.0
413,6,1196,1.0,297.0,1196,139000.0
414,7,1389,1.0,240.0,707,135000.0
415,7,1644,2.0,569.0,1644,275000.0
416,4,907,1.0,352.0,907,109008.0
417,7,1208,2.0,628.0,1208,195400.0
418,6,1412,2.0,576.0,1412,175000.0
419,6,987,1.0,264.0,483,85400.0
420,6,1198,0.0,0.0,1088,79900.0
421,5,1365,2.0,440.0,765,122500.0
422,6,1604,2.0,470.0,926,181000.0
423,4,630,0.0,0.0,630,81000.0
424,7,1661,2.0,550.0,827,212000.0
425,6,1118,2.0,440.0,734,116000.0
426,6,904,1.0,180.0,904,119000.0
427,5,694,1.0,352.0,694,90350.0
428,6,1196,2.0,528.0,684,110000.0
429,10,2402,3.0,672.0,2402,555000.0
430,4,1440,0.0,0.0,1440,118000.0
431,5,1573,2.0,360.0,1128,162900.0
432,7,1258,3.0,648.0,1258,172500.0
433,7,1908,2.0,493.0,933,210000.0
434,6,1689,2.0,480.0,1689,127500.0
435,6,1888,2.0,578.0,1888,190000.0
436,7,1886,2.0,431.0,956,199900.0
437,6,1376,1.0,198.0,780,119500.0
438,3,1183,1.0,308.0,679,120000.0
439,6,813,1.0,270.0,813,110000.0
440,7,1533,2.0,576.0,1533,280000.0
441,6,1756,2.0,422.0,888,204000.0
442,8,1590,2.0,676.0,786,210000.0
443,5,1728,2.0,560.0,1728,188000.0
444,7,1242,2.0,528.0,1242,175500.0
445,5,1344,3.0,513.0,624,98000.0
446,4,1663,2.0,529.0,1663,256000.0
447,8,1666,1.0,228.0,833,161000.0
448,5,1203,1.0,352.0,979,110000.0
449,8,1935,2.0,552.0,832,263435.0
450,7,1135,2.0,576.0,575,155000.0
451,5,864,1.0,360.0,864,62383.0
452,6,1660,1.0,240.0,849,188700.0
453,5,1040,0.0,0.0,1040,124000.0
454,7,1414,2.0,398.0,1414,178740.0
455,7,1277,2.0,526.0,1277,167000.0
456,5,1644,1.0,312.0,888,146500.0
457,8,1634,3.0,866.0,1634,250000.0
458,6,1710,2.0,506.0,832,187000.0
459,8,1502,2.0,528.0,1502,212000.0
460,7,1969,2.0,534.0,1161,190000.0
461,6,1072,2.0,525.0,1072,148000.0
462,8,1976,3.0,908.0,1976,440000.0
463,8,1652,2.0,499.0,1652,251000.0
464,5,970,2.0,624.0,970,132500.0
465,6,1493,2.0,508.0,1493,208900.0
466,9,2643,3.0,694.0,2069,380000.0
467,8,1718,3.0,826.0,1718,297000.0
468,4,1131,2.0,672.0,1131,89471.0
469,9,1850,3.0,772.0,1850,326000.0
470,9,1792,3.0,874.0,1792,374000.0
471,7,1826,1.0,164.0,916,155000.0
472,6,1216,2.0,402.0,1216,164000.0
473,5,999,1.0,264.0,999,132500.0
474,5,1113,1.0,264.0,1113,147000.0
475,5,1073,2.0,515.0,1073,156000.0
476,5,1484,2.0,487.0,1484,175000.0
477,5,2414,2.0,520.0,1766,160000.0
478,4,630,1.0,286.0,630,86000.0
479,5,1304,1.0,336.0,616,115000.0
480,6,1578,1.0,240.0,958,133000.0
481,6,1456,2.0,429.0,728,172785.0
482,5,1269,1.0,308.0,1269,155000.0
483,5,886,1.0,273.0,886,91300.0
484,4,720,0.0,0.0,720,34900.0
485,8,3228,2.0,546.0,3228,430000.0
486,7,1820,1.0,240.0,1133,184000.0
487,5,899,1.0,288.0,899,130000.0
488,5,912,1.0,297.0,912,120000.0
489,6,1218,1.0,264.0,672,113000.0
490,7,1768,2.0,603.0,866,226700.0
491,5,1214,2.0,461.0,1214,140000.0
492,7,1801,2.0,484.0,1801,289000.0
493,6,1322,2.0,440.0,855,147000.0
494,5,1960,2.0,400.0,960,124500.0
495,8,1911,2.0,471.0,1065,215000.0
496,6,1218,2.0,676.0,1218,208300.0
497,7,1378,2.0,360.0,689,161000.0
498,5,1041,1.0,270.0,1041,124500.0
499,5,1363,1.0,288.0,1363,164900.0
500,7,1368,2.0,474.0,1368,202665.0
501,5,864,2.0,624.0,864,129900.0
502,6,1080,2.0,484.0,1080,134000.0
503,5,789,1.0,200.0,789,96500.0
504,10,2020,3.0,900.0,2020,402861.0
505,6,2119,2.0,583.0,1378,158000.0
506,7,2344,3.0,889.0,1277,265000.0
507,6,1796,2.0,546.0,882,211000.0
508,7,2080,1.0,282.0,1276,234000.0
509,6,1244,1.0,336.0,1244,150000.0
510,6,1664,2.0,420.0,1004,159000.0
511,10,4676,3.0,884.0,3138,184750.0
512,7,2398,3.0,834.0,1383,315750.0
513,7,1266,2.0,453.0,1266,176000.0
514,5,928,1.0,252.0,928,132000.0
515,9,2713,3.0,858.0,1476,446261.0
516,4,605,0.0,0.0,605,86000.0
517,6,2515,2.0,484.0,2515,200624.0
518,6,1509,2.0,600.0,1509,175000.0
519,6,1362,2.0,502.0,751,128000.0
520,8,1414,2.0,403.0,707,178000.0
521,5,1347,0.0,0.0,820,107500.0
522,7,1724,2.0,527.0,880,188000.0
523,4,864,2.0,576.0,864,111250.0
524,5,1159,1.0,336.0,1159,158000.0
525,8,1601,2.0,670.0,1601,272000.0
526,9,1838,3.0,765.0,1838,315000.0
527,8,2285,3.0,648.0,997,248000.0
528,7,1680,2.0,583.0,1680,213250.0
529,7,767,1.0,367.0,767,133000.0
530,7,1496,2.0,426.0,664,179665.0
531,7,2183,3.0,786.0,1377,229000.0
532,6,1635,2.0,440.0,915,210000.0
533,5,768,2.0,624.0,768,129500.0
534,5,825,2.0,720.0,825,125000.0
535,7,2094,2.0,615.0,912,263000.0
536,6,1069,2.0,440.0,1069,140000.0
537,5,928,1.0,288.0,928,112500.0
538,8,1717,3.0,908.0,1717,255500.0
539,7,2046,3.0,871.0,1006,284000.0
540,5,1048,1.0,280.0,1048,113000.0
541,5,1092,1.0,299.0,1092,141000.0
542,4,1336,1.0,570.0,897,108000.0
543,7,1446,2.0,406.0,729,175000.0
544,7,1557,2.0,420.0,1557,234000.0
545,5,1392,2.0,528.0,1392,121500.0
546,5,1389,2.0,418.0,1389,170000.0
547,5,996,0.0,0.0,996,108000.0
548,6,1674,2.0,396.0,1163,185000.0
549,7,2295,2.0,590.0,1166,268000.0
550,6,1647,1.0,216.0,841,128000.0
551,9,2504,3.0,656.0,1134,325000.0
552,7,1535,2.0,532.0,1535,214000.0
553,8,2132,2.0,612.0,1496,316600.0
554,5,943,2.0,600.0,943,135960.0
555,5,1728,2.0,576.0,1728,142600.0
556,6,864,1.0,288.0,864,120000.0
557,7,1692,2.0,650.0,846,224500.0
558,7,1430,2.0,400.0,774,170000.0
559,5,1109,1.0,288.0,576,139000.0
560,5,1216,1.0,336.0,832,118500.0
561,7,1477,1.0,216.0,877,145000.0
562,5,1320,2.0,564.0,1320,164500.0
563,7,1392,2.0,540.0,703,146000.0
564,5,1795,1.0,352.0,1050,131500.0
565,6,1429,2.0,572.0,1429,181900.0
566,8,2042,3.0,1390.0,2042,253293.0
567,6,816,0.0,0.0,816,118500.0
568,10,2775,2.0,880.0,1521,325000.0
569,4,1573,1.0,240.0,989,133000.0
570,8,2028,3.0,880.0,2028,369900.0
571,6,838,1.0,275.0,838,130000.0
572,5,860,2.0,528.0,860,137000.0
573,5,1473,1.0,452.0,1473,143000.0
574,5,935,1.0,308.0,779,79500.0
575,7,1582,2.0,520.0,770,185900.0
576,10,2296,3.0,842.0,1728,451950.0
577,5,816,2.0,816.0,816,138000.0
578,6,848,2.0,420.0,848,140000.0
579,5,924,1.0,280.0,924,110000.0
580,8,1826,3.0,758.0,1826,319000.0
581,6,1368,1.0,216.0,684,114504.0
582,7,1402,3.0,648.0,1402,194201.0
583,5,1647,2.0,621.0,1647,217500.0
584,6,1556,2.0,452.0,716,151000.0
585,8,1904,2.0,736.0,1058,275000.0
586,6,1375,1.0,544.0,780,141000.0
587,8,1915,2.0,506.0,927,220000.0
588,7,1200,2.0,480.0,600,151000.0
589,7,1494,2.0,530.0,1494,221000.0
590,7,1986,2.0,486.0,1186,205000.0
591,5,1040,2.0,576.0,1040,152000.0
592,5,2008,1.0,230.0,1112,225000.0
593,8,3194,2.0,380.0,1940,359100.0
594,4,1029,1.0,261.0,1029,118500.0
595,9,2153,3.0,736.0,1476,313000.0
596,6,1032,2.0,564.0,1032,148000.0
597,8,1872,2.0,531.0,1299,261500.0
598,5,1120,0.0,0.0,1120,147000.0
599,4,630,0.0,0.0,630,75500.0
600,6,1054,2.0,480.0,1054,137500.0
601,6,1509,2.0,393.0,807,183200.0
602,6,832,2.0,528.0,832,105500.0
603,9,1828,3.0,774.0,1828,314813.0
604,8,2262,3.0,749.0,1482,305000.0
605,3,864,0.0,0.0,864,67000.0
606,6,2614,2.0,624.0,1548,240000.0
607,5,980,2.0,484.0,980,135000.0
608,6,1512,2.0,440.0,756,168500.0
609,6,1790,2.0,484.0,1012,165150.0
610,6,1116,2.0,440.0,1116,160000.0
611,5,1422,1.0,286.0,1422,139900.0
612,6,1520,1.0,364.0,1520,153000.0
613,5,2080,2.0,504.0,1040,135000.0
614,6,1350,2.0,520.0,1350,168500.0
615,5,1750,1.0,240.0,1089,124000.0
616,8,1554,2.0,627.0,1554,209500.0
617,7,1411,2.0,544.0,1411,82500.0
618,5,1056,1.0,260.0,1056,139400.0
619,6,1056,2.0,576.0,1056,144000.0
620,6,3395,0.0,0.0,1440,200000.0
621,2,800,0.0,0.0,800,60000.0
622,5,1387,1.0,256.0,811,93000.0
623,5,796,0.0,0.0,796,85000.0
624,8,1567,3.0,648.0,1567,264561.0
625,8,1518,2.0,588.0,1518,274000.0
626,7,1929,2.0,650.0,1057,226000.0
627,8,2704,2.0,538.0,2000,345000.0
628,5,1620,2.0,462.0,780,152000.0
629,9,1766,3.0,478.0,1766,370878.0
630,6,981,2.0,576.0,981,143250.0
631,6,1094,2.0,495.0,1094,155000.0
632,6,1839,2.0,442.0,1051,155000.0
633,4,630,0.0,0.0,630,84500.0
634,7,1665,2.0,562.0,822,205950.0
635,4,1510,1.0,296.0,755,108000.0
636,7,1716,2.0,512.0,909,191000.0
637,6,1469,1.0,216.0,756,135000.0
638,8,2113,3.0,839.0,2113,350000.0
639,6,1092,1.0,264.0,525,88000.0
640,5,1053,1.0,312.0,1053,145500.0
641,7,1502,1.0,270.0,851,149000.0
642,6,1458,1.0,330.0,912,97500.0
643,5,1486,2.0,480.0,1486,167000.0
644,7,1935,2.0,550.0,1142,197900.0
645,8,2448,3.0,711.0,1686,402000.0
646,6,1392,2.0,576.0,1392,110000.0
647,4,1181,2.0,588.0,1181,137500.0
648,8,2097,3.0,1134.0,2097,423000.0
649,8,1936,2.0,504.0,1454,230500.0
650,6,2380,2.0,596.0,1465,129000.0
651,6,1679,2.0,575.0,1679,193500.0
652,5,1437,2.0,576.0,1437,168000.0
653,4,1180,1.0,252.0,1180,137500.0
654,6,1476,2.0,540.0,738,173500.0
655,6,1369,1.0,300.0,697,103600.0
656,6,1208,2.0,546.0,1208,165000.0
657,6,1839,2.0,416.0,1839,257500.0
658,6,1136,1.0,384.0,1136,140000.0
659,6,1441,2.0,440.0,855,148500.0
660,4,1774,3.0,779.0,1095,87000.0
661,5,792,1.0,240.0,792,109500.0
662,8,2046,3.0,834.0,2046,372500.0
663,5,988,2.0,572.0,988,128500.0
664,6,923,1.0,264.0,923,143000.0
665,5,1520,1.0,281.0,848,159434.0
666,6,1291,2.0,431.0,1291,173000.0
667,9,1668,3.0,702.0,1668,285000.0
668,7,1839,2.0,486.0,1195,221000.0
669,7,2090,2.0,577.0,1190,207500.0
670,7,1761,2.0,578.0,874,227875.0
671,7,1102,2.0,480.0,551,148800.0
672,8,1419,2.0,567.0,1419,392000.0
673,6,1362,2.0,460.0,1362,194700.0
674,6,848,2.0,420.0,848,141000.0
675,10,4316,3.0,832.0,2444,755000.0
676,7,2519,2.0,628.0,1238,335000.0
677,5,1073,1.0,326.0,1073,108480.0
678,5,1539,2.0,576.0,1067,141500.0
679,6,1137,2.0,551.0,1137,176000.0
680,5,616,1.0,205.0,616,89000.0
681,5,1148,1.0,308.0,1148,123500.0
682,5,894,1.0,336.0,894,138500.0
683,7,1391,2.0,530.0,1391,196000.0
684,8,1800,3.0,765.0,1800,312500.0
685,7,1164,2.0,528.0,1164,140000.0
686,8,2576,3.0,666.0,1264,361919.0
687,5,1812,2.0,672.0,1032,140000.0
688,7,1484,2.0,606.0,1484,213000.0
689,7,1824,2.0,739.0,1824,302000.0
690,8,1324,2.0,550.0,1324,254000.0
691,7,1456,2.0,400.0,728,179540.0
692,5,904,1.0,408.0,904,109900.0
693,3,729,0.0,0.0,729,52000.0
694,4,1178,1.0,384.0,859,102776.0
695,8,1228,2.0,472.0,1228,189000.0
696,4,960,2.0,576.0,960,129000.0
697,6,1479,2.0,475.0,725,130500.0
698,6,1350,2.0,478.0,1350,165000.0
699,7,2554,2.0,704.0,1576,159500.0
700,5,1178,2.0,439.0,1178,157000.0
701,7,2418,3.0,983.0,1325,341000.0
702,5,971,1.0,300.0,971,128500.0
703,8,1742,2.0,564.0,1742,275000.0
704,6,848,2.0,420.0,848,143000.0
705,4,864,2.0,463.0,864,124500.0
706,4,1470,1.0,548.0,997,135000.0
707,9,1698,3.0,768.0,1698,320000.0
708,4,864,2.0,660.0,864,120500.0
709,6,1680,2.0,540.0,1680,222000.0
710,7,1232,2.0,632.0,1232,194500.0
711,5,1776,3.0,888.0,1776,110000.0
712,4,1208,2.0,539.0,848,103000.0
713,8,1616,2.0,608.0,1616,236500.0
714,7,1146,2.0,438.0,1146,187500.0
715,7,2031,2.0,541.0,1153,222500.0
716,5,1144,1.0,264.0,1144,131400.0
717,5,948,1.0,300.0,948,108000.0
718,7,1768,2.0,320.0,880,163000.0
719,8,1801,3.0,800.0,901,239900.0
720,5,1200,0.0,0.0,1200,179000.0
721,7,1728,2.0,572.0,864,190000.0
722,5,1432,2.0,360.0,768,132000.0
723,6,912,1.0,288.0,912,142000.0
724,7,1349,2.0,539.0,1349,179000.0
725,5,1464,2.0,480.0,1464,175000.0
726,8,1337,2.0,462.0,1337,180000.0
727,8,2715,2.0,831.0,1175,299800.0
728,7,2256,2.0,554.0,980,236000.0
729,7,2640,4.0,864.0,1320,265979.0
730,7,1720,2.0,527.0,1720,260400.0
731,4,1140,0.0,0.0,792,96500.0
732,7,1320,2.0,400.0,660,162000.0
733,6,1494,2.0,576.0,1494,217000.0
734,8,2098,3.0,878.0,1038,275500.0
735,6,1026,2.0,440.0,1026,156000.0
736,6,1471,2.0,440.0,742,172500.0
737,8,1768,2.0,578.0,866,212000.0
738,6,1386,2.0,440.0,672,158900.0
739,7,1501,2.0,440.0,757,179400.0
740,8,2531,3.0,752.0,1328,290000.0
741,6,864,1.0,300.0,864,127500.0
742,5,1301,2.0,440.0,1301,100000.0
743,7,1547,2.0,614.0,764,215200.0
744,8,2365,3.0,856.0,1268,337000.0
745,8,1494,2.0,481.0,1494,270000.0
746,9,1506,2.0,592.0,1506,264132.0
747,7,1714,2.0,496.0,980,196500.0
748,6,1750,1.0,423.0,983,160000.0
749,7,1836,2.0,484.0,1836,216837.0
750,8,3279,3.0,841.0,1690,538000.0
751,5,858,2.0,576.0,858,134900.0
752,4,1220,2.0,396.0,1220,102000.0
753,6,1117,2.0,672.0,1117,107000.0
754,5,912,1.0,275.0,912,114500.0
755,8,1973,3.0,895.0,1973,395000.0
756,6,1204,2.0,412.0,1204,162000.0
757,7,1614,3.0,865.0,1614,221500.0
758,5,894,2.0,440.0,894,142500.0
759,6,1004,2.0,504.0,1004,135000.0
760,7,1253,2.0,402.0,1253,176000.0
761,6,1603,2.0,484.0,810,175900.0
762,7,1430,2.0,605.0,1430,187100.0
763,5,1110,2.0,602.0,1110,165500.0
764,6,1484,0.0,0.0,742,128000.0
765,6,1342,2.0,457.0,1342,161500.0
766,5,1652,1.0,416.0,966,139000.0
767,7,2084,2.0,618.0,956,233000.0
768,4,901,1.0,281.0,901,107900.0
769,6,2087,2.0,444.0,976,187500.0
770,7,1145,2.0,397.0,1145,160200.0
771,6,1062,2.0,539.0,1062,146800.0
772,7,2013,2.0,455.0,1127,269790.0
773,8,1496,2.0,474.0,1496,225000.0
774,7,1895,2.0,409.0,1086,194500.0
775,6,1564,2.0,476.0,888,171000.0
776,6,1285,2.0,528.0,1285,143500.0
777,5,773,1.0,240.0,773,110000.0
778,9,3140,3.0,820.0,1966,485000.0
779,5,1768,1.0,240.0,981,175000.0
780,6,1688,2.0,603.0,616,200000.0
781,4,1196,2.0,440.0,1196,109900.0
782,7,1456,2.0,410.0,728,189000.0
783,9,2822,3.0,1020.0,1734,582933.0
784,5,1128,1.0,286.0,1128,118000.0
785,7,1428,2.0,554.0,1428,227680.0
786,5,980,1.0,384.0,980,135500.0
787,5,1576,2.0,528.0,1072,223500.0
788,5,1086,2.0,484.0,1086,159950.0
789,5,2138,2.0,360.0,1075,106000.0
790,6,1309,2.0,484.0,1309,181000.0
791,6,848,2.0,420.0,848,144500.0
792,5,1044,2.0,504.0,1044,55993.0
793,6,1442,1.0,301.0,1442,157900.0
794,5,1250,1.0,280.0,686,116000.0
795,7,1661,2.0,598.0,1661,224900.0
796,5,1008,1.0,275.0,1008,137000.0
797,8,1689,3.0,857.0,1689,271000.0
798,6,1052,2.0,440.0,1052,155000.0
799,7,1358,2.0,484.0,1358,224000.0
800,7,1640,2.0,595.0,798,183000.0
801,4,936,2.0,576.0,936,93000.0
802,7,1733,2.0,433.0,847,225000.0
803,6,1489,1.0,240.0,944,139500.0
804,8,1489,2.0,776.0,1489,232600.0
805,10,2084,3.0,1220.0,2084,385000.0
806,5,784,0.0,0.0,784,109500.0
807,7,1434,2.0,527.0,1434,189000.0
808,5,2126,2.0,538.0,1160,185000.0
809,7,1223,2.0,480.0,520,147400.0
810,6,1392,2.0,458.0,1392,166000.0
811,7,1200,2.0,480.0,520,151000.0
812,7,1829,2.0,613.0,941,237000.0
813,6,1516,2.0,472.0,1516,167000.0
814,5,1144,2.0,456.0,1144,139950.0
815,4,1067,2.0,436.0,1067,128000.0
816,5,1559,2.0,812.0,1559,153500.0
817,6,987,1.0,264.0,483,100000.0
818,5,1099,1.0,352.0,1099,144000.0
819,5,1200,1.0,240.0,768,130500.0
820,6,1482,1.0,400.0,810,140000.0
821,5,1539,2.0,686.0,958,157500.0
822,6,1165,2.0,490.0,1165,174900.0
823,5,1800,0.0,0.0,1800,141000.0
824,5,1416,3.0,720.0,876,153900.0
825,5,1701,2.0,611.0,1701,171000.0
826,7,1775,2.0,425.0,1006,213000.0
827,5,864,1.0,338.0,864,133500.0
828,6,2358,2.0,360.0,1307,240000.0
829,6,1855,2.0,512.0,1094,187000.0
830,6,848,2.0,420.0,848,131500.0
831,8,1456,2.0,400.0,1456,215000.0
832,7,1646,1.0,240.0,918,164000.0
833,6,1445,2.0,645.0,1445,158000.0
834,5,1779,2.0,454.0,1779,170000.0
835,5,1040,1.0,260.0,1040,127000.0
836,6,1026,2.0,576.0,1026,147000.0
837,6,1481,2.0,343.0,702,174000.0
838,7,1370,2.0,479.0,1370,152000.0
839,6,2654,2.0,619.0,1512,250000.0
840,7,1426,1.0,216.0,912,189950.0
841,5,1039,2.0,504.0,1039,131500.0
842,6,1097,2.0,480.0,1097,152000.0
843,5,1148,1.0,672.0,1148,132500.0
844,7,1372,2.0,529.0,1372,250580.0
845,5,1002,2.0,902.0,1002,148500.0
846,8,1646,3.0,870.0,1646,248900.0
847,4,1120,2.0,544.0,1120,129000.0
848,7,1949,2.0,574.0,1062,236000.0
849,5,894,1.0,308.0,894,109500.0
850,6,1682,2.0,523.0,804,200500.0
851,5,910,2.0,414.0,910,116000.0
852,5,1268,1.0,288.0,1036,133000.0
853,5,1131,1.0,200.0,676,66500.0
854,8,2610,2.0,550.0,1184,303477.0
855,4,1040,2.0,648.0,1040,132250.0
856,9,2224,3.0,738.0,1462,350000.0
857,5,1155,2.0,576.0,1155,148000.0
858,5,864,1.0,336.0,864,136500.0
859,5,1090,2.0,450.0,1090,157000.0
860,7,1717,2.0,400.0,1187,187500.0
861,6,1593,2.0,389.0,808,178000.0
862,4,2230,1.0,440.0,954,118500.0
863,5,892,1.0,288.0,892,100000.0
864,9,1709,2.0,506.0,1709,328900.0
865,5,1712,2.0,588.0,1712,145000.0
866,5,1393,1.0,300.0,872,135500.0
867,8,2217,2.0,621.0,2217,268000.0
868,6,1505,2.0,505.0,1505,149500.0
869,5,924,2.0,576.0,672,122900.0
870,6,1683,2.0,440.0,918,172500.0
871,6,1068,1.0,264.0,1068,154500.0
872,5,1383,1.0,354.0,1383,165000.0
873,6,1796,2.0,483.0,983,140000.0
874,4,951,1.0,327.0,951,106500.0
875,9,2364,3.0,820.0,2364,611657.0
876,5,1236,1.0,288.0,1236,135000.0
877,4,858,1.0,684.0,858,110000.0
878,5,1306,1.0,756.0,1306,153000.0
879,7,1509,2.0,393.0,807,180000.0
880,7,1670,3.0,690.0,1670,240000.0
881,5,902,1.0,288.0,902,125500.0
882,5,1063,1.0,280.0,1063,128000.0
883,8,1636,3.0,865.0,1636,255000.0
884,7,2057,1.0,180.0,1020,250000.0
885,5,902,2.0,484.0,902,131000.0
886,6,1484,2.0,390.0,742,174000.0
887,5,2274,2.0,480.0,1105,154300.0
888,5,1268,1.0,252.0,1268,143500.0
889,5,1015,1.0,450.0,1015,88000.0
890,5,2002,3.0,871.0,1001,145000.0
891,6,1224,2.0,528.0,612,173733.0
892,4,1092,1.0,286.0,546,75000.0
893,2,480,1.0,308.0,480,35311.0
894,4,1229,1.0,284.0,1229,135000.0
895,7,2127,3.0,833.0,912,238000.0
896,6,1414,2.0,601.0,1414,176500.0
897,6,1721,2.0,471.0,936,201000.0
898,5,2200,0.0,0.0,1272,145900.0
899,6,1316,2.0,397.0,1316,169990.0
900,6,1617,2.0,533.0,1617,193000.0
901,6,1686,2.0,612.0,1686,207500.0
902,5,1126,2.0,540.0,1126,175000.0
903,8,2374,3.0,656.0,1234,285000.0
904,7,1978,2.0,486.0,1098,176000.0
905,8,1788,2.0,522.0,1788,236500.0
906,7,2236,2.0,642.0,993,222000.0
907,8,1466,3.0,610.0,1466,201000.0
908,5,925,1.0,429.0,925,117500.0
909,9,1905,3.0,788.0,1905,320000.0
910,7,1500,2.0,570.0,1500,190000.0
911,7,2069,2.0,505.0,2069,242000.0
912,4,747,2.0,528.0,747,79900.0
913,7,1200,2.0,555.0,1200,184900.0
914,7,1971,2.0,689.0,1113,253000.0
915,7,1962,3.0,868.0,1391,239799.0
916,7,2403,1.0,349.0,1207,244400.0
917,6,1728,2.0,574.0,1728,150900.0
918,7,2060,2.0,390.0,1022,214000.0
919,4,1440,0.0,0.0,1440,150000.0
920,5,1632,2.0,576.0,1632,143000.0
921,6,1344,2.0,525.0,1344,137500.0
922,5,1869,2.0,456.0,1188,124900.0
923,5,1144,1.0,796.0,1144,143000.0
924,8,1629,3.0,808.0,1629,270000.0
925,7,1776,2.0,474.0,936,192500.0
926,6,1381,2.0,676.0,1381,197500.0
927,5,864,2.0,720.0,864,129000.0
928,5,965,1.0,300.0,965,119900.0
929,5,768,1.0,396.0,768,133900.0
930,5,1968,2.0,530.0,1168,172000.0
931,6,980,0.0,0.0,980,127500.0
932,6,1958,2.0,492.0,979,145000.0
933,6,1229,2.0,462.0,561,124000.0
934,5,1057,2.0,576.0,1057,132000.0
935,7,1337,2.0,531.0,1337,185000.0
936,7,1416,2.0,484.0,696,155000.0
937,5,858,0.0,0.0,858,116500.0
938,6,2872,2.0,619.0,1542,272000.0
939,6,1548,2.0,440.0,804,155000.0
940,9,1800,2.0,702.0,1800,239000.0
941,7,1894,2.0,510.0,824,214900.0
942,6,1484,2.0,393.0,783,178900.0
943,5,1308,1.0,256.0,976,160000.0
944,5,1098,1.0,260.0,1098,135000.0
945,3,968,0.0,0.0,600,37900.0
946,6,1095,1.0,264.0,1095,140000.0
947,4,1192,0.0,0.0,720,135000.0
948,7,1626,2.0,474.0,764,173000.0
949,6,918,1.0,264.0,918,99500.0
950,7,1428,2.0,480.0,1428,182000.0
951,7,2019,2.0,532.0,1136,167500.0
952,7,1382,2.0,490.0,673,165000.0
953,4,869,0.0,0.0,869,85500.0
954,7,1241,2.0,569.0,1241,199900.0
955,4,894,2.0,400.0,894,110000.0
956,5,1121,2.0,480.0,1121,139000.0
957,7,999,2.0,588.0,999,178400.0
958,8,2612,3.0,676.0,1276,336000.0
959,7,1266,2.0,388.0,1266,159895.0
960,8,2290,2.0,779.0,1149,255900.0
961,5,1164,1.0,240.0,1164,125000.0
962,6,1635,1.0,255.0,1001,117000.0
963,9,1940,3.0,606.0,1940,395192.0
964,6,2030,2.0,551.0,1118,195000.0
965,7,1576,2.0,614.0,778,197000.0
966,8,2392,3.0,870.0,1407,348000.0
967,8,1742,2.0,424.0,916,168000.0
968,6,1851,2.0,440.0,1020,187000.0
969,6,1500,2.0,564.0,750,173900.0
970,10,1718,3.0,786.0,1718,337500.0
971,4,1230,1.0,305.0,774,121600.0
972,5,1050,1.0,368.0,1050,136500.0
973,6,1442,2.0,615.0,1442,185000.0
974,3,1077,1.0,210.0,1077,91000.0
975,7,1208,2.0,632.0,1208,206000.0
976,5,691,1.0,216.0,691,86000.0
977,8,1574,3.0,824.0,1574,232000.0
978,5,1680,2.0,528.0,1680,136905.0
979,7,1504,2.0,457.0,1504,181000.0
980,5,985,1.0,328.0,985,149900.0
981,6,1657,2.0,484.0,1657,163500.0
982,4,1092,1.0,286.0,546,88000.0
983,7,1710,2.0,550.0,1710,240000.0
984,5,1522,0.0,0.0,1008,102000.0
985,5,1271,1.0,312.0,720,135000.0
986,6,1502,1.0,180.0,900,165000.0
987,5,1022,1.0,280.0,1022,85000.0
988,6,1082,1.0,240.0,1082,119200.0
989,8,1665,2.0,528.0,810,227000.0
990,7,1504,2.0,478.0,1504,203000.0
991,8,1360,2.0,565.0,1360,187500.0
992,7,1472,2.0,402.0,802,160000.0
993,7,1506,2.0,440.0,1506,213490.0
994,4,1132,2.0,451.0,1132,176000.0
995,7,1220,2.0,632.0,1220,194000.0
996,5,1248,1.0,160.0,912,87000.0
997,7,1504,2.0,437.0,1504,191000.0
998,8,2898,2.0,665.0,2898,287000.0
999,5,882,2.0,461.0,882,112500.0
1000,5,1264,2.0,461.0,1264,167500.0
1001,8,1646,3.0,800.0,1646,293077.0
1002,5,1376,1.0,240.0,968,105000.0
1003,6,1218,1.0,264.0,672,118000.0
1004,5,1928,0.0,0.0,948,160000.0
1005,7,3082,2.0,672.0,1687,197000.0
1006,8,2520,3.0,796.0,1352,310000.0
1007,7,1654,3.0,900.0,1654,230000.0
1008,5,954,1.0,240.0,954,119750.0
1009,9,1620,3.0,912.0,1620,315500.0
1010,8,2263,2.0,905.0,1055,287000.0
1011,4,1344,0.0,0.0,798,97000.0
1012,4,630,1.0,286.0,630,80000.0
1013,5,1803,2.0,484.0,1803,155000.0
1014,6,1632,2.0,484.0,800,173000.0
1015,6,1306,2.0,624.0,1306,196000.0
1016,7,2329,2.0,514.0,1532,262280.0
1017,8,2524,2.0,542.0,2524,278000.0
1018,9,2868,3.0,716.0,1992,556581.0
1019,5,990,2.0,672.0,990,145000.0
1020,7,1302,2.0,436.0,1302,176485.0
1021,7,1316,2.0,440.0,1316,200141.0
1022,6,1977,2.0,540.0,1127,165000.0
1023,5,1526,1.0,364.0,1526,144500.0
1024,8,1989,2.0,586.0,1091,255000.0
1025,6,1523,2.0,478.0,1523,180000.0
1026,7,1364,2.0,484.0,1364,185850.0
1027,7,1850,2.0,467.0,979,248000.0
1028,9,2184,3.0,836.0,1130,335000.0
1029,6,1991,2.0,432.0,1096,220000.0
1030,8,1338,2.0,582.0,1338,213500.0
1031,3,894,3.0,1248.0,894,81000.0
1032,5,2337,2.0,560.0,1422,90000.0
1033,6,1103,2.0,440.0,1103,110500.0
1034,5,1154,2.0,480.0,1154,154000.0
1035,7,2260,2.0,533.0,1306,328000.0
1036,6,1571,2.0,380.0,799,178000.0
1037,6,1611,2.0,442.0,798,167900.0
1038,6,2521,2.0,576.0,1291,151400.0
1039,5,893,2.0,576.0,893,135000.0
1040,5,1048,1.0,286.0,1048,135000.0
1041,6,1556,2.0,441.0,829,154000.0
1042,5,1456,1.0,280.0,1002,91500.0
1043,6,1426,2.0,440.0,698,159500.0
1044,7,1240,3.0,826.0,1240,194000.0
1045,7,1740,1.0,240.0,960,219500.0
1046,5,1466,2.0,566.0,1096,170000.0
1047,5,1096,1.0,299.0,1096,138800.0
1048,6,848,2.0,420.0,848,155900.0
1049,5,990,1.0,299.0,990,126000.0
1050,6,1258,2.0,528.0,1258,145000.0
1051,5,1040,1.0,308.0,1040,133000.0
1052,7,1459,2.0,527.0,1459,192000.0
1053,6,1251,1.0,461.0,1251,160000.0
1054,6,1498,2.0,409.0,691,187500.0
1055,6,996,2.0,564.0,996,147000.0
1056,4,1092,1.0,286.0,546,83500.0
1057,8,1953,3.0,1043.0,1082,252000.0
1058,7,1709,2.0,380.0,970,137500.0
1059,8,1247,2.0,550.0,1247,197000.0
1060,7,1252,2.0,462.0,624,160000.0
1061,6,1694,2.0,576.0,1390,136500.0
1062,5,1200,2.0,884.0,1200,146000.0
1063,5,936,1.0,308.0,936,129000.0
1064,6,1314,2.0,440.0,1314,176432.0
1065,6,1355,0.0,0.0,773,127000.0
1066,8,1088,2.0,461.0,1088,170000.0
1067,4,1324,1.0,240.0,757,128000.0
1068,7,1601,2.0,478.0,1601,157000.0
1069,2,438,1.0,246.0,438,60000.0
1070,5,950,1.0,280.0,950,119500.0
1071,5,1134,1.0,254.0,1134,135000.0
1072,6,1194,2.0,539.0,1194,159500.0
1073,5,1302,2.0,440.0,630,106000.0
1074,8,2622,2.0,712.0,1500,325000.0
1075,7,1442,2.0,719.0,1442,179900.0
1076,7,2021,2.0,422.0,887,274725.0
1077,6,1690,2.0,463.0,948,181000.0
1078,8,1836,3.0,862.0,1836,280000.0
1079,6,1658,2.0,431.0,773,188000.0
1080,7,1964,2.0,483.0,1098,205000.0
1081,5,816,1.0,308.0,816,129900.0
1082,5,1008,1.0,240.0,1008,134500.0
1083,5,833,1.0,326.0,833,117000.0
1084,8,1734,3.0,928.0,1734,318000.0
1085,8,1419,2.0,527.0,779,184100.0
1086,5,894,2.0,450.0,894,130000.0
1087,5,1601,1.0,300.0,1021,140000.0
1088,5,1040,1.0,286.0,1040,133700.0
1089,6,1012,1.0,308.0,1012,118400.0
1090,7,1552,3.0,782.0,1552,212900.0
1091,4,960,1.0,288.0,960,112000.0
1092,5,698,0.0,0.0,698,118000.0
1093,7,1482,2.0,392.0,812,163900.0
1094,4,1005,2.0,672.0,1005,115000.0
1095,7,1555,3.0,660.0,1555,174000.0
1096,7,1530,3.0,630.0,1530,259000.0
1097,7,1959,2.0,434.0,847,215000.0
1098,5,936,2.0,672.0,936,140000.0
1099,4,1981,2.0,576.0,1328,135000.0
1100,5,974,0.0,0.0,974,93500.0
1101,6,2210,1.0,205.0,1178,117500.0
1102,8,2020,2.0,466.0,1142,239500.0
1103,6,1600,2.0,460.0,916,169000.0
1104,6,986,1.0,180.0,986,102000.0
1105,6,1252,1.0,288.0,1032,119000.0
1106,5,1020,0.0,0.0,780,94000.0
1107,6,1567,2.0,714.0,1567,196000.0
1108,5,1167,2.0,495.0,1167,144000.0
1109,5,952,2.0,840.0,952,139000.0
1110,5,1868,2.0,484.0,1088,197500.0
1111,8,2828,3.0,1052.0,1466,424870.0
1112,5,1006,0.0,0.0,1006,80000.0
1113,4,924,1.0,280.0,672,80000.0
1114,5,1576,1.0,225.0,1042,149000.0
1115,6,1298,2.0,403.0,1298,180000.0
1116,7,1564,1.0,234.0,860,174500.0
1117,7,1111,1.0,288.0,572,116900.0
1118,7,1482,2.0,324.0,832,143000.0
1119,6,932,1.0,306.0,932,124000.0
1120,5,1466,2.0,528.0,1466,149900.0
1121,6,1811,2.0,470.0,1811,230000.0
1122,6,816,1.0,432.0,816,120500.0
1123,7,1820,2.0,492.0,902,201800.0
1124,5,1437,2.0,528.0,1437,218000.0
1125,5,1265,2.0,502.0,1265,179900.0
1126,7,1314,2.0,626.0,1314,230000.0
1127,8,1580,3.0,830.0,1580,235128.0
1128,6,1876,2.0,540.0,943,185000.0
1129,6,1456,2.0,440.0,855,146000.0
1130,6,1640,2.0,924.0,1640,224000.0
1131,5,894,2.0,450.0,894,129000.0
1132,4,1258,2.0,400.0,1258,108959.0
1133,5,1432,2.0,588.0,1432,194000.0
1134,7,1502,2.0,644.0,1502,233170.0
1135,8,1694,3.0,776.0,1694,245350.0
1136,6,1671,2.0,472.0,959,173000.0
1137,6,2108,2.0,540.0,1236,235000.0
1138,10,3627,3.0,807.0,1831,625000.0
1139,6,1118,1.0,358.0,1118,171000.0
1140,6,1261,2.0,433.0,1261,163000.0
1141,7,1250,2.0,625.0,625,171900.0
1142,5,3086,0.0,0.0,1636,200500.0
1143,6,2345,2.0,360.0,1170,239000.0
1144,8,2872,2.0,541.0,2129,285000.0
1145,5,923,1.0,264.0,923,119500.0
1146,6,1224,1.0,210.0,818,115000.0
1147,5,1343,1.0,186.0,820,154900.0
1148,7,2514,2.0,693.0,1298,250000.0
1149,8,1652,2.0,482.0,1652,392500.0
1150,10,4476,3.0,813.0,2411,745000.0
1151,5,1130,2.0,720.0,1130,120000.0
1152,5,1572,3.0,995.0,1572,186700.0
1153,5,1221,1.0,392.0,949,104900.0
1154,3,1699,2.0,420.0,1014,95000.0
1155,8,1624,3.0,757.0,1624,262000.0
1156,7,1660,2.0,493.0,831,195000.0
1157,7,1804,2.0,442.0,1028,189000.0
1158,4,1622,4.0,1356.0,1622,168000.0
1159,8,1441,2.0,492.0,764,174000.0
1160,5,1472,1.0,250.0,842,125000.0
1161,6,1224,2.0,402.0,1224,165000.0
1162,6,1352,1.0,299.0,663,158000.0
1163,6,1456,2.0,400.0,728,176000.0
1164,7,1863,3.0,660.0,879,219210.0
1165,7,1690,1.0,225.0,815,144000.0
1166,7,1212,2.0,573.0,1212,178000.0
1167,4,1382,2.0,459.0,1382,148000.0
1168,4,864,1.0,280.0,864,116050.0
1169,7,1779,2.0,546.0,866,197900.0
1170,5,1348,1.0,216.0,884,117000.0
1171,7,1630,2.0,451.0,1630,213000.0
1172,5,1074,2.0,495.0,1074,153500.0
1173,7,2196,3.0,701.0,2196,271900.0
1174,4,1056,1.0,384.0,1056,107000.0
1175,6,1700,2.0,544.0,1700,200000.0
1176,5,1283,2.0,506.0,1283,140000.0
1177,8,1660,2.0,500.0,1660,290000.0
1178,6,1845,2.0,462.0,1055,189000.0
1179,8,1752,2.0,492.0,1080,164000.0
1180,4,672,1.0,234.0,672,113000.0
1181,4,960,1.0,364.0,960,145000.0
1182,5,999,1.0,300.0,999,134500.0
1183,5,894,1.0,384.0,894,125000.0
1184,8,1314,2.0,552.0,1314,229456.0
1185,6,1218,0.0,0.0,672,91500.0
1186,5,912,1.0,288.0,912,115000.0
1187,5,1211,1.0,322.0,1211,134000.0
1188,6,1846,1.0,315.0,1168,143000.0
1189,5,2136,2.0,528.0,2136,137900.0
1190,7,1490,2.0,388.0,788,184000.0
1191,6,1138,1.0,264.0,1138,145000.0
1192,6,1933,3.0,668.0,894,214000.0
1193,5,912,2.0,576.0,912,147000.0
1194,9,1702,3.0,1052.0,1702,367294.0
1195,5,1507,1.0,404.0,1507,127000.0
1196,5,2620,2.0,600.0,1361,190000.0
1197,5,1190,2.0,540.0,1190,132500.0
1198,5,1188,2.0,531.0,1188,142000.0
1199,5,1964,0.0,0.0,1024,130000.0
1200,5,1784,1.0,180.0,892,138887.0
1201,7,1626,2.0,474.0,764,175500.0
1202,7,1948,2.0,434.0,847,195000.0
1203,6,1141,2.0,484.0,1141,142500.0
1204,8,1484,2.0,472.0,1484,265900.0
1205,7,1768,2.0,543.0,884,224900.0
1206,7,1689,3.0,954.0,1689,248328.0
1207,7,1173,2.0,528.0,1173,170000.0
1208,10,2076,3.0,850.0,2076,465000.0
1209,8,1517,2.0,400.0,792,230000.0
1210,6,1868,2.0,477.0,1140,178000.0
1211,7,1553,2.0,615.0,756,186500.0
1212,6,1034,3.0,888.0,1034,169900.0
1213,6,2058,2.0,396.0,1134,129500.0
1214,5,988,1.0,276.0,988,119000.0
1215,7,2110,2.0,522.0,2110,244000.0
1216,7,1405,2.0,478.0,1405,171750.0
1217,5,874,1.0,288.0,874,130000.0
1218,7,2167,2.0,518.0,1516,294000.0
1219,7,1656,2.0,397.0,760,165400.0
1220,6,1367,1.0,560.0,959,127500.0
1221,8,1987,2.0,691.0,1987,301500.0
1222,5,864,0.0,0.0,864,99900.0
1223,7,1166,2.0,400.0,1166,190000.0
1224,6,1054,2.0,460.0,1054,151000.0
1225,6,1675,2.0,502.0,892,181000.0
1226,5,1050,1.0,338.0,1050,128900.0
1227,4,1788,1.0,304.0,1104,161500.0
1228,6,1824,2.0,520.0,1060,180500.0
1229,6,1337,2.0,511.0,1337,181000.0
1230,7,1452,2.0,506.0,713,183900.0
1231,7,1889,1.0,308.0,964,122000.0
1232,9,2018,3.0,746.0,2018,378500.0
1233,8,3447,3.0,1014.0,1968,381000.0
1234,5,1524,1.0,315.0,874,144000.0
1235,7,1524,2.0,586.0,1332,260000.0
1236,6,1489,2.0,462.0,1489,185750.0
1237,5,935,1.0,288.0,935,137000.0
1238,6,1357,1.0,312.0,1357,177000.0
1239,5,1250,2.0,552.0,661,139000.0
1240,5,1920,2.0,400.0,928,137000.0
1241,6,1395,2.0,497.0,735,162000.0
1242,6,1724,2.0,480.0,1724,197900.0
1243,8,2031,2.0,577.0,1128,237000.0
1244,4,1128,2.0,528.0,698,68400.0
1245,7,1573,2.0,544.0,1573,227000.0
1246,7,1339,2.0,484.0,1339,180000.0
1247,5,1040,2.0,484.0,1040,150500.0
1248,6,1824,0.0,0.0,912,139000.0
1249,6,2447,1.0,336.0,1699,169000.0
1250,6,1412,1.0,280.0,825,132500.0
1251,6,1328,2.0,528.0,1328,143000.0
1252,5,1582,2.0,390.0,1582,190000.0
1253,8,1659,2.0,499.0,1659,278000.0
1254,8,1970,3.0,753.0,1120,281000.0
1255,5,1152,2.0,484.0,1152,180500.0
1256,5,1302,1.0,264.0,630,119500.0
1257,5,2372,1.0,432.0,1378,107500.0
1258,7,1664,2.0,528.0,832,162900.0
1259,5,864,2.0,572.0,864,115000.0
1260,5,1052,1.0,288.0,1052,138500.0
1261,5,1128,2.0,525.0,1128,155000.0
1262,6,1072,2.0,525.0,1072,140000.0
1263,10,5642,2.0,1418.0,4692,160000.0
1264,5,1246,1.0,305.0,1246,154000.0
1265,7,1983,2.0,490.0,1005,225000.0
1266,6,1494,1.0,213.0,753,177500.0
1267,8,2526,3.0,844.0,1203,290000.0
1268,7,1616,3.0,834.0,1616,232000.0
1269,7,1708,2.0,380.0,976,130000.0
1270,9,1652,2.0,840.0,1652,325000.0
1271,7,1368,2.0,474.0,1368,202500.0
1272,5,990,2.0,480.0,990,138000.0
1273,5,1122,2.0,528.0,1122,147000.0
1274,6,1294,2.0,496.0,1294,179200.0
1275,7,1902,2.0,567.0,1902,335000.0
1276,7,1274,2.0,508.0,1274,203000.0
1277,8,2810,2.0,750.0,1453,302000.0
1278,9,2599,3.0,779.0,1422,333168.0
1279,4,948,1.0,280.0,948,119000.0
1280,6,2112,2.0,576.0,1092,206900.0
1281,8,1630,3.0,860.0,1630,295493.0
1282,7,1352,2.0,466.0,1352,208900.0
1283,8,1787,3.0,748.0,1787,275000.0
1284,4,948,1.0,248.0,948,111000.0
1285,6,1478,2.0,442.0,1478,156500.0
1286,7,1923,2.0,564.0,1061,190000.0
1287,4,708,0.0,0.0,708,82500.0
1288,8,1795,3.0,895.0,1795,147000.0
1289,4,796,0.0,0.0,796,55000.0
1290,3,774,0.0,0.0,774,79000.0
1291,5,816,1.0,264.0,816,130500.0
1292,6,2792,2.0,520.0,1584,256000.0
1293,7,1632,2.0,462.0,955,176500.0
1294,8,1588,3.0,825.0,1588,227000.0
1295,5,954,2.0,576.0,954,132500.0
1296,4,816,1.0,288.0,816,100000.0
1297,5,1360,1.0,297.0,803,125500.0
1298,5,1365,2.0,440.0,765,125000.0
1299,6,1334,2.0,630.0,1334,167900.0
1300,5,1656,2.0,506.0,1656,135000.0
1301,4,693,0.0,0.0,693,52500.0
1302,7,1861,2.0,492.0,920,200000.0
1303,5,864,1.0,288.0,864,128500.0
1304,4,872,4.0,480.0,872,123000.0
1305,6,1114,2.0,576.0,1114,155000.0
1306,8,2169,2.0,647.0,1284,228500.0
1307,6,1913,2.0,342.0,1172,177000.0
1308,7,1456,2.0,440.0,728,155835.0
1309,4,960,1.0,308.0,960,108500.0
1310,7,2156,2.0,508.0,2156,262500.0
1311,8,1776,3.0,712.0,1776,283463.0
1312,7,1494,2.0,514.0,1494,215000.0
1313,8,2358,0.0,0.0,938,122000.0
1314,5,2634,4.0,968.0,1338,200000.0
1315,6,1716,2.0,490.0,858,171000.0
1316,6,1176,2.0,624.0,786,134900.0
1317,8,3238,3.0,666.0,2053,410000.0
1318,7,1865,3.0,839.0,992,235000.0
1319,7,1920,2.0,487.0,1222,170000.0
1320,5,892,1.0,264.0,892,110000.0
1321,5,1078,2.0,500.0,1078,149900.0
1322,6,1573,2.0,440.0,769,177500.0
1323,9,1980,3.0,770.0,1980,315000.0
1324,5,2601,2.0,621.0,990,189000.0
1325,7,1530,2.0,430.0,1530,260000.0
1326,4,1738,1.0,368.0,1281,104900.0
1327,6,1412,2.0,432.0,616,156932.0
1328,7,1200,2.0,480.0,520,144152.0
1329,7,1674,2.0,663.0,814,216000.0
1330,7,1790,2.0,588.0,882,193000.0
1331,5,1475,1.0,336.0,925,127000.0
1332,6,848,2.0,420.0,848,144000.0
1333,8,1668,2.0,502.0,1668,232000.0
1334,4,1374,1.0,338.0,840,105000.0
1335,6,1661,1.0,377.0,1661,165500.0
1336,7,2097,2.0,583.0,1108,274300.0
1337,10,2633,3.0,804.0,2633,466500.0
1338,7,1958,3.0,936.0,1026,250000.0
1339,8,1571,3.0,722.0,1571,239000.0
1340,6,790,1.0,160.0,790,91000.0
1341,5,1604,2.0,660.0,984,117000.0
1342,6,987,1.0,264.0,483,83000.0
1343,3,864,1.0,200.0,864,58500.0
1344,6,2117,2.0,550.0,2117,237500.0
1345,7,1762,2.0,576.0,998,157000.0
1346,5,1416,2.0,576.0,1416,112000.0
1347,6,1258,1.0,280.0,698,105000.0
1348,4,1154,1.0,240.0,796,125500.0
1349,7,2784,2.0,564.0,1392,250000.0
1350,6,2526,1.0,216.0,1664,136000.0
1351,9,1746,3.0,758.0,1746,377500.0
1352,6,1218,2.0,440.0,869,131000.0
1353,7,1525,2.0,541.0,1525,235000.0
1354,5,1584,3.0,792.0,1584,124000.0
1355,5,900,1.0,288.0,900,123000.0
1356,6,1912,2.0,672.0,1221,163000.0
1357,7,1500,3.0,648.0,1500,246578.0
1358,8,2482,3.0,642.0,1133,281213.0
1359,5,1687,2.0,572.0,1687,160000.0
1360,5,1513,1.0,180.0,939,137500.0
1361,5,1904,1.0,240.0,1136,138000.0
1362,6,1608,1.0,216.0,1160,137450.0
1363,6,1158,1.0,208.0,950,120000.0
1364,6,1593,2.0,398.0,864,193000.0
1365,7,1294,2.0,662.0,1294,193879.0
1366,8,1464,3.0,754.0,1464,282922.0
1367,3,1214,3.0,936.0,694,105000.0
1368,8,1646,2.0,482.0,1646,275000.0
1369,5,768,2.0,396.0,768,133000.0
1370,5,833,0.0,0.0,833,112000.0
1371,4,1363,2.0,528.0,741,125500.0
1372,7,2093,2.0,542.0,1236,215000.0
1373,7,1840,2.0,622.0,944,230000.0
1374,6,1668,1.0,271.0,1112,140000.0
1375,8,1844,2.0,620.0,1844,257000.0
1376,6,1848,2.0,370.0,1053,207000.0
1377,7,1569,3.0,660.0,1569,175900.0
1378,4,2290,2.0,560.0,1246,122500.0
1379,8,2450,3.0,1069.0,1310,340000.0
1380,5,1144,1.0,336.0,1144,124000.0
1381,6,1844,2.0,540.0,1844,223000.0
1382,6,1416,2.0,776.0,708,179900.0
1383,6,1069,2.0,440.0,1069,127500.0
1384,6,848,2.0,420.0,848,136500.0
1385,6,2201,2.0,432.0,1575,274970.0
1386,5,1344,1.0,484.0,1344,144000.0
1387,6,1252,2.0,528.0,1252,142000.0
1388,7,2127,2.0,525.0,1223,271000.0
1389,5,1558,1.0,288.0,1048,140000.0
1390,5,804,1.0,240.0,804,119000.0
1391,6,1440,2.0,467.0,1440,182900.0
1392,5,1838,2.0,372.0,734,192140.0
1393,6,958,2.0,440.0,958,143750.0
1394,4,968,1.0,216.0,968,64500.0
1395,6,1792,2.0,451.0,962,186500.0
1396,5,1126,2.0,484.0,1126,160000.0
1397,6,1537,2.0,462.0,1537,174000.0
1398,4,864,2.0,528.0,864,120500.0
1399,8,1932,3.0,774.0,1932,394617.0
1400,6,1236,2.0,923.0,1236,149700.0
1401,7,1725,2.0,550.0,1040,197000.0
1402,6,2555,2.0,672.0,1423,191000.0
1403,6,848,2.0,420.0,848,149300.0
1404,10,2007,3.0,812.0,1026,310000.0
1405,6,952,1.0,192.0,952,121000.0
1406,7,1422,2.0,626.0,1422,179600.0
1407,6,913,1.0,240.0,913,129000.0
1408,5,1188,1.0,312.0,1188,157900.0
1409,8,2090,2.0,556.0,1220,240000.0
1410,4,1346,1.0,384.0,796,112000.0
1411,5,630,0.0,0.0,630,92000.0
1412,5,1792,0.0,0.0,896,136000.0
1413,8,1578,3.0,840.0,1578,287090.0
1414,5,1072,2.0,525.0,1072,145000.0
1415,5,1140,0.0,0.0,1140,84500.0
1416,7,1221,2.0,400.0,1221,185000.0
1417,6,1647,2.0,460.0,953,175000.0
1418,6,2073,2.0,500.0,2073,210000.0
1419,7,2340,1.0,252.0,1188,266500.0
1420,5,1078,1.0,240.0,1078,142125.0
1421,5,1256,1.0,276.0,1256,147500.0
